Month,USD,GBP,EUR,JPY100,CHF,AUD,CAD,SGD,HKD100,THB100,PHP100,TWD100,KRW100,IDR100,SAR100,SDR,CNY,BND,VND100,KHR100,NZD,MMK100,INR100,AED100,PKR100,NPR100,EGP
Nov-22,4.732714286,5.404971429,4.692328571,3.218314286,4.7463,3.039128571,3.488514286,3.358142857,60.2916,12.63144286,8.110385714,14.7534,0.337314286,0.030185714,125.9304143,6.071,0.651442857,3.358157143,0.019028571,0.114042857,2.780671429,0.226028571,5.7491,128.8507143,2.137028571,3.592928571,0.194885714
Oct-22,4.6947,5.304826316,4.619263158,3.190568421,4.716342105,2.986752632,3.423805263,3.295842105,59.80817368,12.37932632,7.994,14.69393684,0.328936842,0.030426316,124.9138842,6.015,0.652584211,3.295868421,0.0193,0.113294737,2.671268421,0.224221053,5.702994737,127.8158895,2.126942105,3.563189474,0.232931579
Sep-22,4.545514286,5.154571429,4.503757143,3.180485714,4.6703,3.038828571,3.414114286,3.2155,57.91069048,12.27234286,7.882766667,14.55309524,0.325666667,0.03032381,120.9169571,5.871071429,0.647266667,3.21547619,0.019228571,0.110080952,2.698814286,0.217104762,5.664033333,123.754019,1.973938095,3.539857143,0.234561905
Aug-22,4.466195455,5.364136364,4.527445455,3.309595455,4.672595455,3.111695455,3.462327273,3.228690909,56.92184091,12.47656364,8.003890909,14.84677727,0.338463636,0.030104545,118.8903091,5.877963636,0.657081818,3.228686364,0.019095455,0.108495455,2.802268182,0.220877273,5.614445455,121.5937364,2.023740909,3.508077273,0.233390909
Jul-22,4.4413,5.32659,4.52614,3.248675,4.58327,3.045005,3.43271,3.18302,56.58329,12.19774,7.94285,14.86544,0.339395,0.029645,118.273845,5.85217,0.659505,3.182995,0.019,0.108405,2.752435,0.24006,5.579175,120.91571,2.03912,3.48691,0.23502
Jun-22,4.403045455,5.423809091,4.652404545,3.286127273,4.536331818,3.090709091,3.434586364,3.181118182,56.10183636,12.59511818,8.1961,14.86012273,0.344004545,0.029940909,117.3557818,5.894131818,0.657354545,3.181104545,0.018954545,0.108027273,2.794822727,0.238004545,5.637790909,119.8738545,2.1502,3.523440909,0.234986364
May-22,4.3851,5.456688889,4.6445,3.411172222,4.483583333,3.093455556,3.414361111,3.174061111,55.86629444,12.74913889,8.371288889,14.82821111,0.346172222,0.030027778,116.9047389,5.887677778,0.653638889,3.17405,0.018961111,0.107683333,2.809111111,0.237027778,5.663116667,119.3860056,2.241794444,3.539394444,0.2378
Apr-22,4.26992,5.526605,4.62156,3.38264,4.524415,3.152385,3.383845,3.12745,54.45388,12.638475,8.210745,14.67849,0.34569,0.02969,113.84649,5.833815,0.664015,3.12746,0.018645,0.105225,2.891505,0.23287,5.60636,116.25003,2.311265,3.504525,0.231735
Mar-22,4.200678261,5.531891304,4.630652174,3.543826087,4.518356522,3.095569565,3.317852174,3.090634783,53.69887391,12.63114783,8.061621739,14.77613478,0.34403913,0.029278261,111.9703565,5.808934783,0.662104348,3.090673913,0.018369565,0.103326087,2.882943478,0.237391304,5.511691304,114.3648696,2.32986087,3.445491304,0.252508696
Feb-22,4.187738889,5.670983333,4.751838889,3.633672222,4.537594444,3.002055556,3.290972222,3.110194444,53.68373889,12.85925556,8.163461111,15.02187778,0.349711111,0.029194444,111.6157167,5.869894444,0.66025,3.1102,0.0184,0.102622222,2.797461111,0.236655556,5.582455556,114.0122167,2.383011111,3.489216667,0.266316667
Jan-22,4.1906,5.681035,4.743685,3.647325,4.561385,3.00897,3.319815,3.10244,53.77808,12.6046,8.18011,15.143095,0.35023,0.029225,111.670495,5.867435,0.6594,3.102455,0.018465,0.102605,2.826595,0.236825,5.628885,114.090395,2.374165,3.518445,0.266535
Dec-21,4.210673913,5.603995652,4.758021739,3.695147826,4.572069565,3.014865217,3.2903,3.089152174,53.99123913,12.54748261,8.364726087,15.17843913,0.355491304,0.029395652,112.1958652,5.88776087,0.661295652,3.089152174,0.018369565,0.103078261,2.858382609,0.237634783,5.58816087,114.6376739,2.369082609,3.492621739,0.267817391
Nov-21,4.179504762,5.622771429,4.768228571,3.6658,4.531509524,3.052628571,3.325614286,3.079442857,53.65027619,12.63571905,8.30512381,15.0339381,0.35312381,0.029304762,111.4226524,5.865595238,0.6543,3.079452381,0.01842381,0.102385714,2.932647619,0.237266667,5.610742857,113.7890238,2.405785714,3.506247619,0.265866667
Oct-21,4.16368,5.69614,4.828835,3.682855,4.507025,3.078915,3.34374,3.081085,53.51642,12.436975,8.207705,14.90289,0.352135,0.02936,111.011955,5.880385,0.6483,3.081095,0.018295,0.10188,2.932625,0.229495,5.55739,113.354425,2.419985,3.47267,0.264915
Sep-21,4.167671429,5.72522381,4.907138095,3.782071429,4.519066667,3.052519048,3.2922,3.092514286,53.5660381,12.6108619,8.295004762,15.03904762,0.355447619,0.029247619,111.1198571,5.924338095,0.645404762,3.092514286,0.018314286,0.101814286,2.943147619,0.244714286,5.6634,113.4633952,2.47067619,3.539352381,0.265095238
Aug-21,4.22145,5.82456,4.96841,3.84443,4.619545,3.080865,3.35081,3.114575,54.231265,12.73757,8.40573,15.143065,0.363275,0.029345,112.5612,6.002745,0.65178,3.114575,0.01849,0.103235,2.942135,0.2571,5.68896,114.92733,2.562145,3.555635,0.268775
Jul-21,4.200690476,5.8017,4.967571429,3.808785714,4.576190476,3.120704762,3.357319048,3.101880952,54.05747143,12.87421905,8.395828571,15.00602857,0.366804762,0.028980952,111.9994286,5.97887619,0.648971429,3.101857143,0.01827619,0.102866667,2.934938095,0.255842857,5.635928571,114.3620714,2.622857143,3.5223,0.267633333
Jun-21,4.134942857,5.798528571,4.980642857,3.754857143,4.55277619,3.159104762,3.3829,3.100171429,53.27285238,13.15014762,8.57752381,14.8814381,0.368285714,0.028847619,110.2570476,5.938257143,0.64357619,3.100195238,0.017966667,0.1011,2.939171429,0.25182381,5.617357143,112.5720619,2.639738095,3.510904762,0.263671429
May-21,4.127227778,5.811294444,5.013955556,3.782355556,4.57065,3.203511111,3.401266667,3.103561111,53.15109444,13.20134444,8.612188889,14.79801111,0.367455556,0.028838889,110.0515111,5.943572222,0.641905556,3.103572222,0.017911111,0.101283333,2.979744444,0.2588,5.635811111,112.3622833,2.696016667,3.522327778,0.263294444
Apr-21,4.123052381,5.704228571,4.926790476,3.779204762,4.46372381,3.171742857,3.294,3.088166667,53.06415714,13.14412857,8.506909524,14.58872857,0.3687,0.028371429,109.9383667,5.886733333,0.631990476,3.088166667,0.017866667,0.101533333,2.934604762,0.287752381,5.531804762,112.248281,2.690290476,3.461671429,0.262690476
Mar-21,4.110217391,5.697252174,4.892369565,3.781917391,4.421986957,3.168208696,3.267947826,3.0617,52.93147826,13.3517,8.461982609,14.53917391,0.363652174,0.028569565,109.5853348,5.8709,0.631491304,3.061691304,0.017826087,0.1009,2.933647826,0.293582609,5.646634783,111.8989913,2.634273913,3.528934783,0.261486957
Feb-21,4.045666667,5.614688889,4.896233333,3.839661111,4.507683333,3.143377778,3.19065,3.049361111,52.18161667,13.48633889,8.380416667,14.47462778,0.364144444,0.028816667,107.8621444,5.825455556,0.6266,3.04935,0.017583333,0.0989,2.937288889,0.291177778,5.562238889,110.1422056,2.536711111,3.475966667,0.258266667
Jan-21,4.037342105,5.506194737,4.917584211,3.893347368,4.555994737,3.121068421,3.174457895,3.045868421,52.07717895,13.45793158,8.399452632,14.41345263,0.367473684,0.028794737,107.6240263,5.824521053,0.624089474,3.045863158,0.0175,0.098968421,2.906273684,0.304647368,5.520857895,109.9149895,2.513842105,3.450731579,0.257173684
Dec-20,4.055818182,5.446354545,4.936218182,3.907309091,4.563231818,3.053004545,3.164709091,3.043313636,52.31837727,13.48366818,8.437754545,14.37963636,0.370636364,0.028727273,108.1135091,5.831368182,0.62,3.043309091,0.017531818,0.099840909,2.876527273,0.304345455,5.509395455,110.4179909,2.530627273,3.443331818,0.258281818
Nov-20,4.112761905,5.42897619,4.866195238,3.939771429,4.515619048,2.989380952,3.143442857,3.0523,53.0509,13.49789524,8.522819048,14.40995714,0.368695238,0.028966667,109.6607,5.844309524,0.622719048,3.052295238,0.017742857,0.10087619,2.82162381,0.317233333,5.539290476,111.9682667,2.582033333,3.46077619,0.262519048
Oct-20,4.152547619,5.389271429,4.887295238,3.945604762,4.549880952,2.96162381,3.145080952,3.055328571,53.5796,13.28614286,8.563147619,14.47186667,0.362809524,0.028247619,110.7122524,5.87092381,0.617204762,3.055338095,0.017909524,0.100980952,2.756033333,0.32277619,5.650052381,113.0516238,2.551447619,3.533152381,0.264495238
Sep-20,4.150357143,5.385533333,4.893695238,3.930742857,4.537390476,3.001490476,3.140671429,3.038714286,53.5516619,13.22676667,8.553314286,14.21160476,0.352504762,0.028019048,110.6541333,5.863142857,0.60912381,3.038728571,0.017909524,0.101004762,2.768838095,0.315704762,5.645452381,112.9928762,2.500633333,3.528790476,0.263171429
Aug-20,4.188868421,5.500484211,4.954878947,3.951663158,4.601652632,3.012215789,3.162389474,3.058305263,54.04821053,13.42605789,8.588189474,14.25328421,0.353094737,0.028521053,111.6925789,5.910126316,0.604273684,3.0547,0.018068421,0.102594737,2.761768421,0.310015789,5.613089474,114.0405632,2.489910526,3.506521053,0.2628
Jul-20,4.265863636,5.390418182,4.879195455,3.992472727,4.558590909,2.994045455,3.15685,3.071818182,55.03627727,13.56799545,8.633640909,14.49538182,0.355704545,0.029368182,113.7361409,5.923236364,0.608290909,3.067463636,0.018395455,0.10445,2.805859091,0.312645455,5.691427273,116.1374,2.549581818,3.556154545,0.266568182
Jun-20,4.275666667,5.353847619,4.815009524,3.9781,4.496557143,2.946642857,3.15347619,3.067933333,55.16778571,13.72873333,8.542114286,14.41910476,0.353928571,0.030247619,113.9544143,5.897666667,0.603438095,3.067928571,0.018409524,0.104361905,2.752204762,0.308033333,5.647152381,116.4039524,2.581042857,3.527442857,0.264433333
May-20,4.3411875,5.33118125,4.730875,4.0498375,4.47519375,2.82691875,3.106925,3.06075625,56.00039375,13.54589375,8.5805375,14.4997375,0.353075,0.02925,115.5704438,5.918925,0.6108875,3.06081875,0.0186,0.10598125,2.63979375,0.31224375,5.737825,118.1888625,2.7050875,3.5855,0.27490625
Apr-20,4.352345455,5.403227273,4.729895455,4.038359091,4.484959091,2.741231818,3.096177273,3.057522727,56.14795909,13.33701818,8.586963636,14.46961364,0.355890909,0.027709091,115.7491636,5.934363636,0.615281818,3.057504545,0.018540909,0.107690909,2.614186364,0.307809091,5.714209091,118.4923773,2.648709091,3.570227273,0.276072727
Mar-20,4.297840909,5.323472727,4.758463636,3.998809091,4.491081818,2.679772727,3.0909,3.034645455,55.35609545,13.38238636,8.420354545,14.25458182,0.352363636,0.028268182,114.4771773,5.898072727,0.612209091,3.0346,0.018409091,0.106,2.603959091,0.309377273,5.769704545,117.0090545,2.706577273,3.607268182,0.273445455
Feb-20,4.162615,5.397615,4.543115,3.78335,4.265245,2.777535,3.13427,2.995685,53.53986,13.285885,8.20084,13.79271,0.34826,0.030245,110.96596,5.699615,0.5949,2.99567,0.017905,0.10219,2.6626,0.288305,5.821195,113.32642,2.697515,3.638855,0.265585
Jan-20,4.079142857,5.33272381,4.530119048,3.731880952,4.205533333,2.799928571,3.119690476,3.019528571,52.47330952,13.40394286,8.024,13.58531905,0.349638095,0.029728571,108.7310381,5.630019048,0.58942381,3.019466667,0.017595238,0.100528571,2.696261905,0.278614286,5.720633333,111.0545,2.636742857,3.575519048,0.256761905
Dec-19,4.147547619,5.438242857,4.609085714,3.800461905,4.217419048,2.853409524,3.147871429,3.055890476,53.13678095,13.72727143,8.166442857,13.70285714,0.352966667,0.029619048,110.5796,5.717319048,0.591066667,3.055904762,0.017904762,0.10217619,2.733004762,0.277333333,5.827066667,112.917119,2.676371429,3.641857143,0.257671429
Nov-19,4.156742857,5.357428571,4.595961905,3.818219048,4.187019048,2.84012381,3.140871429,3.053090476,53.0962619,13.7452619,8.193566667,13.6414619,0.35592381,0.029561905,110.8413476,5.716538095,0.592228571,3.053095238,0.017914286,0.102642857,2.662133333,0.275147619,5.81632381,113.1707476,2.668485714,3.63532381,0.257752381
Oct-19,4.188159091,5.283177273,4.627268182,3.873854545,4.215145455,2.844786364,3.173154545,3.054068182,53.40436818,13.79178182,8.137709091,13.64410909,0.353681818,0.029654545,111.6623773,5.741972727,0.590068182,3.054104545,0.018036364,0.103168182,2.652118182,0.274454545,5.895068182,114.0241,2.676554545,3.683581818,0.257995455
Sep-19,4.185822222,5.169077778,4.607755556,3.894394444,4.225911111,2.848538889,3.15965,3.033527778,53.41682778,13.69626667,8.039144444,13.46798333,0.350188889,0.029683333,111.5935944,5.729038889,0.588133333,3.033516667,0.018044444,0.102305556,2.6533,0.273705556,5.86575,113.9591944,2.668744444,3.666644444,0.255477778
Aug-19,4.187880952,5.087442857,4.657866667,3.937847619,4.2741,2.83512381,3.155404762,3.023738095,53.4147381,13.61607619,8.0282,13.34147143,0.345966667,0.02942381,111.6552857,5.750119048,0.592909524,3.023785714,0.018042857,0.102542857,2.692038095,0.277633333,5.886742857,114.0141429,2.624414286,3.679671429,0.252719048
Jul-19,4.124045455,5.149504545,4.62895,3.811695455,4.177345455,2.882218182,3.149636364,3.031131818,52.79777273,13.39200455,8.066186364,13.26993182,0.350368182,0.029390909,109.9622273,5.701145455,0.599681818,3.031154545,0.017745455,0.101081818,2.75695,0.273490909,5.994831818,112.27615,2.589722727,3.746604545,0.24815
Jun-19,4.160694444,5.272727778,4.699183333,3.850305556,4.208905556,2.887011111,3.131566667,3.053066667,53.1777,13.37099444,8.040366667,13.29982778,0.354533333,0.029244444,110.9417389,5.762077778,0.602922222,3.053066667,0.017827778,0.102466667,2.743122222,0.273527778,5.990227778,113.2732889,2.685972222,3.74415,0.248655556
May-19,4.170675,5.36065,4.66587,3.794915,4.12633,2.89703,3.097605,3.04252,53.142975,13.118805,7.982895,13.35356,0.35229,0.029015,111.21037,5.764435,0.60846,3.04257,0.017855,0.10286,2.73716,0.273775,5.974715,113.546385,2.863165,3.73396,0.245255
Apr-19,4.114818182,5.364277273,4.626472727,3.685913636,4.085386364,2.928154545,3.076363636,3.034790909,52.45121818,12.92168636,7.911513636,13.33622727,0.360068182,0.029095455,109.7207273,5.708836364,0.612677273,3.034809091,0.017722727,0.101968182,2.765554545,0.272181818,5.925527273,112.0245182,2.906518182,3.702959091,0.238363636
Mar-19,4.079309524,5.376871429,4.612709524,3.66912381,4.076814286,2.888438095,3.053752381,3.012761905,51.96915238,12.8552619,7.775014286,13.22317143,0.360371429,0.028719048,108.772881,5.678609524,0.60782381,3.012771429,0.01757619,0.102095238,2.787204762,0.269285714,5.870519048,111.058681,2.914252381,3.668642857,0.234695238
Feb-19,4.076,5.298376471,4.621141176,3.6879,4.068058824,2.904858824,3.082864706,3.010011765,51.93624118,13.01495882,7.816411765,13.22915294,0.362711765,0.029011765,108.6837,5.669341176,0.604835294,3.010011765,0.017552941,0.101888235,2.781717647,0.267558824,5.726094118,110.9698294,2.916117647,3.5795,0.231894118
Jan-19,4.116285714,5.305185714,4.703609524,3.7816,4.165057143,2.941466667,3.092757143,3.035380952,52.4887619,12.94008095,7.851304762,13.3533381,0.366947619,0.029085714,109.7434429,5.736266667,0.606604762,3.035371429,0.017733333,0.10297619,2.790652381,0.269295238,5.815280952,112.0647048,2.943638095,3.634438095,0.230295238
Dec-18,4.171475,5.288005,4.747825,3.71611,4.203805,2.99509,3.10716,3.04466,53.34114,12.751185,7.897735,13.549235,0.37159,0.028785,111.190345,5.778525,0.60575,3.04469,0.01791,0.10353,2.84644,0.26755,5.89698,113.568015,2.985435,3.68549,0.232735
Nov-18,4.185875,5.39655,4.75496,3.6925,4.180955,3.03311,3.171335,3.043065,53.459155,12.6956,7.93588,13.58107,0.371225,0.02858,111.576895,5.79491,0.60306,3.04308,0.01796,0.10356,2.83521,0.262655,5.83619,113.960125,3.11486,3.644615,0.233545
Oct-18,4.158521739,5.41263913,4.77756087,3.686821739,4.186213043,2.954613043,3.197878261,3.014286957,53.05716087,12.6872,7.708395652,13.45976522,0.367182609,0.027404348,110.8659348,5.786386957,0.600791304,3.014282609,0.017817391,0.10193913,2.715865217,0.264921739,5.651278261,113.2148,3.2067,3.532043478,0.231956522
Sep-18,4.139694118,5.405929412,4.832035294,3.694870588,4.279035294,2.987082353,3.177694118,3.021629412,52.83064706,12.70874706,7.667858824,13.4749,0.370041176,0.027852941,110.3771706,5.798888235,0.603982353,3.021611765,0.017752941,0.100988235,2.735541176,0.2635,5.737064706,112.7044824,3.361058824,3.585158824,0.231035294
Aug-18,4.091833333,5.265442857,4.720333333,3.682952381,4.133452381,2.998538095,3.137390476,2.988704762,52.12719048,12.37772857,7.68097619,13.31887619,0.364714286,0.028114286,109.1021143,5.708795238,0.597242857,2.998480952,0.017566667,0.100142857,2.728247619,0.273861905,5.882833333,111.3987714,3.331280952,3.676795238,0.228719048
Jul-18,4.050772727,5.335113636,4.732131818,3.633681818,4.072518182,2.99745,3.081763636,2.971659091,51.6167,12.17215909,7.583686364,13.24990455,0.360477273,0.028109091,108.0105318,5.692686364,0.603068182,2.985195455,0.017536364,0.099495455,2.749268182,0.283927273,5.895231818,110.2813,3.248104545,3.684468182,0.226281818
Jun-18,3.998825,5.31442,4.671095,3.63601,4.042475,2.99828,3.047385,2.967285,50.958735,12.311585,7.529675,13.29067,0.36547,0.028545,106.62687,5.654585,0.618255,2.98289,0.017495,0.09811,2.77642,0.291975,5.897145,108.868595,3.36188,3.685795,0.22366
May-18,3.963666667,5.337772222,4.687544444,3.609722222,3.977288889,2.986477778,3.082094444,2.960955556,50.49977222,12.40075,7.583761111,13.26831667,0.367844444,0.028222222,105.6894056,5.647066667,0.621794444,2.976511111,0.0174,0.097394444,2.754638889,0.293766667,5.865716667,107.9098444,3.423572222,3.666077778,0.222205556
Apr-18,3.886585714,5.470366667,4.772657143,3.61322381,4.016866667,2.986895238,3.050961905,2.954152381,49.51966667,12.41517143,7.46322381,13.22730952,0.363666667,0.028138095,103.6355143,5.640409524,0.616952381,2.945495238,0.017066667,0.096490476,2.816352381,0.292528571,5.918466667,105.8141333,3.357304762,3.698233333,0.219790476
Mar-18,3.902468182,5.451340909,4.814686364,3.680518182,4.120718182,3.029295455,3.019927273,2.968190909,49.76748182,12.48146818,7.489068182,13.3618,0.364259091,0.028368182,104.0597636,5.668168182,0.617522727,2.95605,0.017131818,0.09715,2.832481818,0.291854545,5.9999,106.2469818,3.465795455,3.7499,0.221395455
Feb-18,3.913888889,5.467711111,4.832505556,3.626061111,4.187211111,3.080261111,3.111816667,2.964355556,50.03480556,12.42326111,7.54445,13.37867222,0.362405556,0.028738889,104.3638,5.681683333,0.619222222,2.95435,0.017222222,0.097105556,2.860038889,0.294533333,6.072366667,106.5575667,3.5337,3.795183333,0.221444444
Jan-18,3.957490476,5.454642857,4.818890476,3.56337619,4.108309524,3.14302381,3.180452381,2.991809524,50.60658571,12.38909048,7.831938095,13.44657143,0.370952381,0.029585714,105.5250381,5.681657143,0.614985714,2.973414286,0.017419048,0.097904762,2.869142857,0.294314286,6.218485714,107.7445571,3.573409524,3.886519048,0.223519048
Dec-17,4.077210526,5.464094737,4.824463158,3.609863158,4.128678947,3.118657895,3.194421053,3.0274,52.17842105,12.48684211,8.098568421,13.60705789,0.375842105,0.030068421,108.7182105,5.767915789,0.618452632,3.025742105,0.017957895,0.100605263,2.842621053,0.299105263,6.347857895,111.009,3.750384211,3.967389474,0.228752632
Nov-17,4.169486364,5.513931818,4.894345455,3.694395455,4.203818182,3.177922727,3.265881818,3.074572727,53.41970455,12.66549091,8.186918182,13.85400455,0.378240909,0.030818182,111.1763091,5.870540909,0.629686364,3.074477273,0.018354545,0.102995455,2.871009091,0.305731818,6.427681818,113.5182227,3.958854545,4.0173,0.236022727
Oct-17,4.229190476,5.582552381,4.972257143,3.744590476,4.307885714,3.292261905,3.359809524,3.108366667,54.18307143,12.72374286,8.226480952,13.96976667,0.373128571,0.031271429,112.7716762,5.962642857,0.638209524,3.1091,0.018609524,0.104195238,2.977071429,0.310533333,6.497871429,115.1429143,4.016552381,4.061185714,0.239661905
Sep-17,4.207833333,5.607744444,5.014488889,3.801705556,4.372894444,3.35655,3.428877778,3.117883333,53.85772778,12.69271111,8.254844444,13.96041667,0.371194444,0.031622222,112.2023111,5.978438889,0.640661111,3.119116667,0.018511111,0.103372222,3.054794444,0.310577778,6.526411111,114.5614833,3.993972222,4.079116667,0.238433333
Aug-17,4.283590909,5.557722727,5.058590909,3.90015,4.439736364,3.391122727,3.397759091,3.147268182,54.76616364,12.87796818,8.410018182,14.16149545,0.378368182,0.032109091,114.2220909,6.042440909,0.641786364,3.147295455,0.018845455,0.104222727,3.132340909,0.314740909,6.694936364,116.6241364,4.066431818,4.184563636,0.241204545
Jul-17,4.289571429,5.570009524,4.936180952,3.812638095,4.465357143,3.342209524,3.370952381,3.126290476,54.93223333,12.71460476,8.470271429,14.10663333,0.378380952,0.032142857,114.3814571,5.981438095,0.633319048,3.126261905,0.018871429,0.104538095,3.152890476,0.314433333,6.654247619,116.7868952,4.067861905,4.158914286,0.239461905
Jun-17,4.277315789,5.478178947,4.805557895,3.8588,4.418410526,3.232226316,3.215194737,3.092163158,54.84966842,12.57972105,8.573278947,14.13074211,0.378131579,0.032157895,114.0487053,5.918531579,0.628431579,3.092205263,0.018847368,0.104652632,3.089378947,0.314494737,6.636473684,116.4542421,4.080447368,4.147826316,0.236105263
May-17,4.313595238,5.574147619,4.769919048,3.84462381,4.377204762,3.207038095,3.172404762,3.093538095,55.39477143,12.51958095,8.654785714,14.3144381,0.3832,0.032380952,115.0184714,5.649295238,0.626480952,3.093504762,0.018990476,0.106304762,2.997014286,0.3164,6.696352381,117.440819,4.115680952,4.185233333,0.238357143
Apr-17,4.405184211,5.557605263,4.716852632,4.000884211,4.400115789,3.318921053,3.282842105,3.149857895,56.6635,12.77974211,8.844026316,14.49882105,0.388347368,0.033121053,117.4614316,5.992205263,0.639247368,3.149805263,0.019410526,0.109894737,3.069926316,0.325021053,6.826647368,119.9350053,4.203257895,4.265094737,0.243310526
Mar-17,4.437,5.474691304,4.742247826,3.927530435,4.4279,3.381565217,3.314604348,3.156843478,57.13106957,12.7178,8.827408696,14.47365652,0.391034783,0.033252174,118.3119217,6.010617391,0.643352174,3.156882609,0.01946087,0.111286957,3.107973913,0.32503913,6.737704348,120.8046609,4.233195652,4.207373913,0.2506
Feb-17,4.444555556,5.547711111,4.725827778,3.931788889,4.433311111,3.410322222,3.392938889,3.140994444,57.27527222,12.696,8.888527778,14.40290556,0.389233333,0.033322222,118.5108722,6.023755556,0.646622222,3.141038889,0.019544444,0.110855556,3.210161111,0.325383333,6.632766667,121.0095333,4.240861111,4.14375,0.263683333
Jan-17,4.458725,5.49227,4.73827,3.878265,4.42048,3.32296,3.37562,3.119855,57.48546,12.574125,8.96447,14.074915,0.37765,0.03337,118.882125,6.022235,0.646715,3.11982,0.019725,0.111035,3.17311,0.329595,6.546985,121.395395,4.254705,4.09129,0.2393
Dec-16,4.461715,5.570805,4.707005,3.844275,4.376805,3.276385,3.341475,3.107665,57.505335,12.46385,8.96193,13.94065,0.37674,0.03327,118.951485,6.01186,0.64451,3.10755,0.01964,0.110945,3.14064,0.33088,6.573865,121.476585,4.25761,4.10846,0.240355
Nov-16,4.335636364,5.387877273,4.685454545,4.008045455,4.3546,3.269581818,3.225186364,3.073636364,55.90102727,12.26866364,8.807413636,13.65588182,0.372695455,0.032554545,115.5987182,5.925290909,0.633631818,3.073627273,0.0193,0.107513636,3.101372727,0.334495455,6.411272727,118.0403045,4.138545455,4.0083,0.280709091
Oct-16,4.178275,5.14932,4.603975,4.02159,4.230905,3.18254,3.15455,3.017725,53.861915,11.9039,8.642445,13.22937,0.37046,0.032105,111.392105,5.770035,0.62067,3.01761,0.01872,0.10286,2.98866,0.32852,6.25985,113.759115,3.99189,3.91283,0.470535
Sep-16,4.107925,5.400825,4.604375,4.03189,4.216255,3.121975,3.139765,3.02133,52.96458,11.83233,8.63899,13.059845,0.37049,0.031345,109.50963,5.74557,0.61563,3.02129,0.01841,0.1006,3.00466,0.33371,6.156445,111.841215,3.92943,3.8471,0.46261
Aug-16,4.024636364,5.278318182,4.512113636,3.978236364,4.149736364,3.073113636,3.098513636,2.988304545,51.89159545,11.59205909,8.630940909,12.75870909,0.362368182,0.030595455,107.3146636,5.632004545,0.605390909,2.988290909,0.018054545,0.0986,2.9121,0.33785,6.012922727,109.5759864,3.844809091,3.7581,0.453218182
Jul-16,4.018526316,5.292194737,4.446126316,3.849236842,4.090036842,3.027784211,3.081005263,2.974231579,51.80842632,11.47025789,8.536894737,12.52309474,0.352284211,0.030642105,107.1432842,5.586884211,0.601789474,2.974147368,0.018015789,0.099010526,2.865547368,0.341252632,5.980778947,109.4084632,3.834273684,3.737952632,0.452542105
Jun-16,4.08197619,5.799452381,4.586795238,3.870209524,4.2058,3.018661905,3.165090476,3.012557143,52.58878095,11.56681905,8.782685714,12.6219381,0.34927619,0.030585714,108.8438524,5.744919048,0.619133333,3.012690476,0.01827619,0.100471429,2.868504762,0.345042857,6.067242857,111.1364524,3.901490476,3.791938095,0.459933333
May-16,4.050404762,5.883795238,4.578290476,3.715366667,4.140838095,2.958233333,3.128042857,2.954809524,52.17095714,11.43075714,8.658328571,12.4367619,0.344271429,0.030157143,108.0000905,5.716495238,0.620057143,2.954695238,0.018147619,0.099780952,2.751328571,0.346385714,6.05187619,110.2775714,3.867280952,3.78237619,0.456119048
Apr-16,3.900619048,5.579233333,4.423114286,3.559495238,4.046452381,2.990338095,3.03852381,2.889214286,50.28807143,11.11912857,8.4168,12.06473333,0.340166667,0.029604762,104.0113857,5.493561905,0.6021,2.889161905,0.017495238,0.096719048,2.688019048,0.332066667,5.868047619,106.1953143,3.724719048,3.666842857,0.439271429
Mar-16,4.068586957,5.780743478,4.517991304,3.602395652,4.136604348,3.047034783,3.072556522,2.960943478,52.41958261,11.54663043,8.728234783,12.45661739,0.343617391,0.03083913,108.4871783,5.423791304,0.625195652,2.959365217,0.01823913,0.10123913,2.737734783,0.33576087,6.072373913,110.7708565,3.885952174,3.79466087,0.482065217
Feb-16,4.183,5.978666667,4.643994444,3.6607,4.216655556,2.988261111,3.034155556,2.978455556,53.76429444,11.74378889,8.787844444,12.58541667,0.343105556,0.031011111,111.5286722,5.831094444,0.639177778,2.978077778,0.018727778,0.103555556,2.7769,0.337883333,6.123761111,113.8847056,3.995888889,3.826877778,0.534222222
Jan-16,4.345473684,6.264957895,4.723221053,3.680357895,4.319794737,3.043673684,3.052189474,3.031142105,55.86179474,12.01482632,9.140526316,12.9868,0.360694737,0.031284211,115.8096895,6.007110526,0.661036842,3.031105263,0.019394737,0.107015789,2.837789474,0.3363,6.453873684,118.3071316,4.142647368,4.033221053,0.554973684
Dec-15,4.279442857,6.418490476,4.653571429,3.512990476,4.295895238,3.102661905,3.128385714,3.038757143,55.21330952,11.88857143,9.065371429,13.03797143,0.364585714,0.03087619,114.0493619,5.926747619,0.663266667,3.040138095,0.019019048,0.105352381,2.886433333,0.330271429,6.4281,116.5112857,4.086666667,4.017571429,0.546538095
Nov-15,4.3118,6.556545,4.631895,3.52011,4.27569,3.08634,3.25097,3.051065,55.63225,12.04777,9.16237,13.220385,0.37365,0.03152,114.94466,5.962215,0.676705,3.05104,0.01922,0.10637,2.83185,0.335685,6.51978,117.391295,4.08913,4.073615,0.545865
Oct-15,4.257371429,6.527680952,4.780095238,3.547233333,4.395071429,3.068052381,3.255985714,3.037614286,54.93337619,11.92539524,9.17882381,13.11160476,0.371857143,0.030895238,113.5233476,5.987461905,0.670442857,3.037390476,0.019057143,0.104366667,2.84757619,0.333252381,6.541285714,115.9108952,4.073214286,4.088333333,0.536942857
Sep-15,4.308775,6.616535,4.84192,3.587985,4.43529,3.04219,3.250395,3.044965,55.596305,11.96578,9.21786,13.193245,0.363395,0.02994,114.88412,6.0581,0.67665,3.04522,0.019165,0.10484,2.729565,0.336255,6.506955,117.312045,4.13048,4.06542,0.55032
Aug-15,4.060425,6.338525,4.52394,3.295375,4.195525,2.963705,3.089425,2.90482,52.37426,11.46888,8.78174,12.621335,0.34437,0.02947,108.25164,5.692495,0.64058,2.90484,0.01834,0.09918,2.660965,0.323175,6.242915,110.546025,3.967155,3.90178,0.518585
Jul-15,3.801840909,5.914036364,4.186627273,3.082331818,3.990377273,2.819268182,2.963745455,2.793295455,49.04499091,11.0731,8.393422727,12.19410909,0.331668182,0.028413636,101.3740091,5.310731818,0.61235,2.793304545,0.017431818,0.093990909,2.53055,0.319290909,5.973468182,103.5070636,3.735609091,3.733577273,0.487013636
Jun-15,3.739704545,5.817304545,4.193181818,3.023954545,4.013631818,2.885809091,3.026368182,2.778636364,48.23768636,11.08823636,8.306545455,12.1027,0.335968182,0.028109091,99.71796818,5.250718182,0.602609091,2.778218182,0.017140909,0.091877273,2.612177273,0.336686364,5.85585,101.8157682,3.673872727,3.660254545,0.490177273
May-15,3.6045,5.581184211,4.022163158,2.983921053,3.8703,2.846178947,2.961689474,2.700163158,46.49627368,10.74943684,8.081736842,11.78129474,0.3294,0.027410526,96.11555789,5.065047368,0.581042105,2.702142105,0.016578947,0.088905263,2.657689474,0.330973684,5.650657895,98.13369474,3.539273684,3.531847368,0.472473684
Apr-15,3.634159091,5.424759091,3.921195455,3.039022727,3.7764,2.80565,2.938759091,2.692559091,46.88763636,11.17086364,8.183363636,11.71945909,0.334531818,0.028072727,96.89501364,5.02475,0.586009091,2.692522727,0.016831818,0.090213636,2.753827273,0.3432,5.798286364,98.94228636,3.572159091,3.621381818,0.476327273
Mar-15,3.680636364,5.514309091,3.986822727,3.057445455,3.756486364,2.845590909,2.91945,2.673077273,47.44517727,11.28180909,8.271545455,11.70468636,0.330559091,0.028172727,98.13475909,5.102404545,0.589931818,2.673054545,0.017159091,0.090809091,2.747386364,0.356268182,5.891545455,100.2093909,3.614295455,3.682977273,0.482413636
Feb-15,3.5915625,5.509175,4.0803,3.02531875,3.8449625,2.80001875,2.87378125,2.65033125,46.31156875,11.02883125,8.121025,11.3965375,0.32654375,0.02814375,95.73481875,5.07420625,0.57454375,2.6503125,0.01683125,0.08800625,2.68065625,0.34965625,5.78584375,97.78239375,3.53943125,3.61680625,0.47071875
Jan-15,3.584809524,5.432895238,4.171147619,3.030138095,3.8084,2.897004762,2.967561905,2.680533333,46.23602381,10.95032381,8.045552381,11.32947619,0.329295238,0.028490476,95.45165714,5.104547619,0.576466667,2.680466667,0.016780952,0.087880952,2.740209524,0.349766667,5.7731,97.59780952,3.55697619,3.608228571,0.493790476
Dec-14,3.478727273,5.439836364,4.288177273,2.916759091,3.565940909,2.871522727,3.017590909,2.644990909,44.85951364,10.57195,7.785886364,11.08720909,0.3155,0.027981818,92.68586364,5.069181818,0.561977273,2.644909091,0.016263636,0.085363636,2.700545455,0.3389,5.543381818,94.71008636,3.449818182,3.464704545,0.486531818
Nov-14,3.347115,5.28128,4.17491,2.88083,3.471015,2.893575,2.953065,2.58199,43.165705,10.204025,7.44329,10.895315,0.30479,0.027515,89.208895,4.911445,0.54638,2.58195,0.01569,0.08205,2.61991,0.326895,5.426075,91.127295,3.284115,3.391355,0.468125
Oct-14,3.26977619,5.256409524,4.147938095,3.028552381,3.434547619,2.871590476,2.916080952,2.56557619,42.14937619,10.07469524,7.297490476,10.75498095,0.308066667,0.026928571,87.1607619,4.860214286,0.533828571,2.565533333,0.015385714,0.079890476,2.576266667,0.329714286,5.329671429,89.02200476,3.1804,3.330066667,0.457309524
Sep-14,3.21964,5.248005,4.153065,2.99821,3.43852,2.91198,2.92507,2.548135,41.53018,9.999305,7.280125,10.687815,0.310875,0.027045,85.84209,4.83219,0.524505,2.548125,0.015195,0.07882,2.618345,0.329335,5.288095,87.65818,3.143055,3.30521,0.4503
Aug-14,3.177033333,5.308666667,4.232061905,3.086119048,3.491914286,2.956661905,2.908061905,2.545152381,40.99109048,9.925128571,7.254919048,10.59471905,0.310095238,0.027119048,84.71133333,4.850942857,0.516238095,2.545,0.014985714,0.077990476,2.680247619,0.32792381,5.22102381,86.49607143,3.175714286,3.26217619,0.444338095
Jul-14,3.1833,5.43804,4.3148,3.1305,3.55117,2.989255,2.969925,2.56135,41.071965,9.905665,7.32569,10.630735,0.312135,0.027285,84.87906,4.91053,0.513425,2.56124,0.01498,0.0783,2.77051,0.328365,5.30331,86.66817,3.225005,3.314795,0.445225
Jun-14,3.218933333,5.441914286,4.376133333,3.154266667,3.592461905,3.014980952,2.971328571,2.572309524,41.52455714,9.902195238,7.345166667,10.73108571,0.31587619,0.027071429,85.82409524,4.959980952,0.516561905,2.57217619,0.015142857,0.079304762,2.775480952,0.332271429,5.38932381,87.63855238,3.267814286,3.367266667,0.450180952
May-14,3.228,5.439045,4.43471,3.17308,3.633505,3.00455,2.965325,2.579245,41.638675,9.92815,7.358025,10.71613,0.315005,0.027975,86.06824,4.9947,0.51748,2.57917,0.01528,0.08006,2.77818,0.336045,5.44609,87.884085,3.27203,3.403645,0.455445
Apr-14,3.255386364,5.451590909,4.496559091,3.174668182,3.688418182,3.033581818,2.960840909,2.593672727,41.9811,10.07311364,7.298440909,10.77517273,0.312172727,0.028490909,86.80178182,5.039290909,0.52295,2.593654545,0.015440909,0.0811,2.802381818,0.339890909,5.394790909,88.62939545,3.336372727,3.371445455,0.466209091
Mar-14,3.281904762,5.454628571,4.536895238,3.207733333,3.725519048,2.980466667,2.954766667,2.58997619,42.28611429,10.13530476,7.325771429,10.7930619,0.306547619,0.028747619,87.5094619,5.079047619,0.531647619,2.589852381,0.015547619,0.081785714,2.80097619,0.340233333,5.38342381,89.35238571,3.28862381,3.366138095,0.471466667
Feb-14,3.305973684,5.476389474,4.517084211,3.240084211,3.698642105,2.968878947,2.991436842,2.611721053,42.61383684,10.13279474,7.377747368,10.90541579,0.308894737,0.027778947,88.15106316,5.089784211,0.543584211,2.611631579,0.015663158,0.082636842,2.744852632,0.337247368,5.314247368,90.00700526,3.146094737,3.321889474,0.474921053
Jan-14,3.305563158,5.447257895,4.504426316,3.176668421,3.656847368,2.925089474,3.025647368,2.596005263,42.61212632,10.03297368,7.346010526,10.95265789,0.309721053,0.027184211,88.13852632,5.076352632,0.546231579,2.595973684,0.015678947,0.082278947,2.733752632,0.337005263,5.323447368,89.99692632,3.134626316,3.328294737,0.474889474
Dec-13,3.250033333,5.325304762,4.453152381,3.140128571,3.635061905,2.918342857,3.054561905,2.581638095,41.9159,10.03505714,7.355919048,10.92814762,0.307738095,0.026909524,86.65820476,4.999195238,0.535038095,2.581604762,0.015390476,0.081080952,2.671671429,0.3318,5.255295238,88.48416667,3.038166667,3.283871429,0.470980952
Nov-13,3.20098,5.15515,4.32109,3.199,3.507085,2.983865,3.05258,2.56534,41.289795,10.10759,7.342005,10.83963,0.3012,0.027555,85.350535,4.8998,0.525365,2.565315,0.015175,0.079765,2.646385,0.329655,5.109575,87.14861,2.975175,3.192625,0.464705
Oct-13,3.175831818,5.114404545,4.333790909,3.249459091,3.519681818,3.021595455,3.064545455,2.552863636,40.95847273,10.17803636,7.36105,10.79948636,0.297677273,0.028,84.68176818,4.888036364,0.520281818,2.552804545,0.015045455,0.077859091,2.647977273,0.328240909,5.152236364,86.46411818,2.989122727,3.218940909,0.460918182
Sep-13,3.250855,5.152025,4.33942,3.276005,3.517755,3.015375,3.13726,2.572585,41.92241,10.25564,7.42888,10.958775,0.29996,0.02872,86.67971,4.947325,0.531155,2.57258,0.01538,0.07943,2.64293,0.335825,5.089475,88.50678,3.086845,3.178125,0.47053
Aug-13,3.28091,5.082605,4.366805,3.3476,3.53943,2.960505,3.151395,2.575455,42.305035,10.370095,7.46431,10.95044,0.2938,0.0311,87.48248,4.981335,0.535965,2.575545,0.015525,0.079765,2.59442,0.339035,5.19558,89.32502,3.18516,3.25354,0.469405
Jul-13,3.192117391,4.846943478,4.176382609,3.204382609,3.377756522,2.926213043,3.066534783,2.516791304,41.15426087,10.25921739,7.361608696,10.65303043,0.283452174,0.031708696,85.11654348,4.798647826,0.520382609,2.516743478,0.015030435,0.078869565,2.518286957,0.327073913,5.338378261,86.90728261,3.176343478,3.333191304,0.455426087
Jun-13,3.1447,4.86864,4.149315,3.2286,3.366605,2.96462,3.050075,2.49601,40.52539,10.206265,7.318255,10.49695,0.27687,0.03186,83.851625,4.760535,0.512625,2.495965,0.01495,0.077655,2.48514,0.33219,5.391315,85.618005,3.18702,3.368395,0.449455
May-13,3.019238095,4.61867619,3.919933333,2.993395238,3.15927619,2.988314286,2.95842381,2.418252381,38.89864762,10.14050476,7.302728571,10.13202857,0.2716,0.030933333,80.50815714,4.527780952,0.491719048,2.418247619,0.014404762,0.075409524,2.488052381,0.329447619,5.489514286,82.20082381,3.067604762,3.430166667,0.433471429
Apr-13,3.049231818,4.665295455,3.966427273,3.120936364,3.251586364,3.167213636,2.992836364,2.463181818,39.27871818,10.4841,7.405645455,10.21767727,0.271981818,0.031368182,81.30923182,4.585381818,0.492863636,2.463177273,0.014586364,0.076145455,2.58395,0.346936364,5.612540909,83.01955909,3.100395455,3.507031818,0.443563636
Mar-13,3.108428571,4.689061905,4.02877619,3.280347619,3.285061905,3.21442381,3.03332381,2.493995238,40.06197143,10.53420476,7.630861905,10.45037619,0.281852381,0.03202381,82.88697143,4.674819048,0.500095238,2.494014286,0.014842857,0.077638095,2.574338095,0.356495238,5.715128571,84.62921429,3.168242857,3.573661905,0.458857143
Feb-13,3.096635294,4.785494118,4.133335294,3.325776471,3.361617647,3.195288235,3.068564706,2.501647059,39.92807059,10.38504118,7.613770588,10.45578235,0.285341176,0.031976471,82.57084118,4.729329412,0.496788235,2.501664706,0.014835294,0.077411765,2.600088235,0.361170588,5.750182353,84.30765882,3.1588,3.594023529,0.460552941
Jan-13,3.039855,4.860665,4.03742,3.42109,3.28846,3.19427,3.06907,2.475385,39.20738,10.109965,7.467235,10.454285,0.28536,0.0315,81.0579,4.66603,0.488585,2.475295,0.014585,0.075785,2.545785,0.354545,5.60124,82.762715,3.116995,3.499385,0.464045
Dec-12,3.055285,4.93235,4.007475,3.65094,3.31486,3.198005,3.087375,2.502735,39.42172,9.97142,7.44704,10.51356,0.284075,0.031715,81.468625,4.46318,0.490165,2.502665,0.014665,0.07605,2.54035,0.35758,5.591915,83.18286,3.14269,3.494615,0.495825
Nov-12,3.05758,4.88561,3.9269,3.773,3.25797,3.18338,3.068975,2.499185,39.449795,9.95667,7.44331,10.494015,0.28123,0.031785,81.531055,4.674865,0.490465,2.499165,0.01466,0.076015,2.50716,0.359315,5.576815,83.245205,3.183445,3.483255,0.500835
Oct-12,3.055513636,4.913568182,3.963027273,3.872954545,3.275795455,3.146318182,3.099622727,2.495886364,39.41687273,9.958827273,7.378768182,10.44414545,0.276118182,0.031840909,81.47715909,4.705904545,0.4877,2.495772727,0.014640909,0.075395455,2.506186364,0.357809091,5.763554545,83.18917273,3.200872727,3.601981818,0.500890909
Sep-12,3.082021053,4.962578947,3.957715789,3.943436842,3.274973684,3.200563158,3.147873684,2.5008,39.74538947,9.945968421,7.381621053,10.43255789,0.274152632,0.032252632,82.18332632,4.731042105,0.487547368,2.500678947,0.014768421,0.075552632,2.518389474,0.355684211,5.652894737,83.91026316,3.257,3.534136842,0.505768421
Aug-12,3.11633,4.89261,3.863395,3.96493,3.216575,3.26616,3.135155,2.49739,40.179675,9.918965,7.40963,10.401875,0.27535,0.032845,83.09785,4.71046,0.489945,2.497305,0.014935,0.076225,2.52637,0.35668,5.61148,84.844715,3.29906,3.507495,0.512445
Jul-12,3.166613636,4.934418182,3.894686364,4.010418182,3.242731818,3.260109091,3.121622727,2.510772727,40.82991818,10.01041818,7.559713636,10.56078182,0.277263636,0.033563636,84.43964545,4.770772727,0.497036364,2.510777273,0.015163636,0.076936364,2.527677273,0.360654545,5.710768182,86.21400909,3.353572727,3.600559091,0.522281818
Jun-12,3.18147619,4.943404762,3.987047619,4.014695238,3.319847619,3.173461905,3.094285714,2.487966667,41.0056619,10.04956667,7.446638095,10.63025238,0.273261905,0.033809524,84.83184286,4.818404762,0.499947619,2.487966667,0.015204762,0.077452381,2.480228571,0.374271429,5.674419048,86.61866667,3.376942857,3.692680952,0.526209524
May-12,3.104013636,4.938195455,3.970327273,3.892722727,3.305159091,3.092986364,3.072681818,2.457809091,39.98114545,9.909254545,7.228768182,10.5235,0.267804545,0.033527273,82.76815909,4.7509,0.490631818,2.458459091,0.014872727,0.076522727,2.399372727,0.372886364,5.69645,84.50865,3.395863636,3.602022727,0.513759091
Apr-12,3.060465,4.899335,4.02794,3.760065,3.35044,3.165555,3.08251,2.445965,39.427195,9.91125,7.17397,10.38817,0.26959,0.0334,81.60798,4.721805,0.485325,2.446035,0.01468,0.07595,2.50267,0.37242,5.917705,83.32319,3.374485,3.702035,0.50661
Mar-12,3.046377273,4.821736364,4.023395455,3.693809091,3.335777273,3.209518182,3.065840909,2.419413636,39.24590455,9.925736364,7.102981818,10.31420909,0.270336364,0.033336364,81.23021364,4.692481818,0.482531818,2.419359091,0.014613636,0.075722727,2.498568182,47.34150455,6.048404545,82.93969545,3.356372727,3.781177273,0.504854545
Feb-12,3.022433333,4.777427778,4.005822222,3.837027778,3.318094444,3.24395,3.030761111,2.409238889,38.97448889,9.858133333,7.087511111,10.23037222,0.269077778,0.033577778,80.5916,4.680672222,0.479844444,2.409355556,0.014488889,0.074711111,2.524561111,46.96946667,6.143461111,82.28792778,3.330838889,3.839844444,0.500805556
Jan-12,3.113578947,4.827694737,4.017131579,4.047421053,3.316468421,3.238231579,3.073073684,2.431910526,40.10079474,9.860994737,7.143505263,10.37384737,0.272231579,0.034352632,83.02367368,4.7779,0.492968421,2.431863158,0.014836842,0.076157895,2.490315789,48.38597895,6.076384211,84.77049474,3.449310526,3.800878947,0.515794737
Dec-11,3.160066667,4.9309,4.166,4.0607,3.393019048,3.200338095,3.088938095,2.438585714,40.63015714,10.13544762,7.234861905,10.44328095,0.275133333,0.034909524,84.2616381,4.887733333,0.497757143,2.438661905,0.015033333,0.078038095,2.433819048,49.10829524,6.010852381,86.0347381,3.530752381,3.754533333,0.524990476
Nov-11,3.154105,4.98657,4.27853,4.07263,3.47358,3.183525,3.07506,2.44551,40.53116,10.190795,7.28414,10.433365,0.278105,0.035065,84.10137,4.694565,0.496255,2.44553,0.01501,0.07745,2.430455,49.015645,6.215595,85.87355,3.62756,3.88631,0.52718
Oct-11,3.1371,4.93398,4.295865,4.090615,3.491335,3.17346,3.07088,2.455315,40.32834,10.15952,7.236955,10.35923,0.27227,0.035395,83.64878,4.926405,0.492405,2.45537,0.01501,0.0763,2.475245,48.7514,6.36895,85.41167,3.608375,3.97833,0.52561
Sep-11,3.08448,4.8636,4.23981,4.017835,3.524825,3.14949,3.074885,2.46159,39.569415,10.12704,7.15288,10.359795,0.27456,0.035315,82.242505,4.861975,0.482705,2.4617,0.01481,0.0753,2.500895,47.933765,6.46369,83.97906,3.524405,4.046395,0.517115
Aug-11,2.985233333,4.889352381,4.282319048,3.87307619,3.839671429,3.132880952,3.044447619,2.469804762,38.28211429,9.993928571,7.036438095,10.30061429,0.277790476,0.03502381,79.60204762,4.791309524,0.465971429,2.469966667,0.014390476,0.072528571,2.499804762,46.39140952,6.595495238,81.2766619,3.444628571,4.122866667,0.500642857
Jul-11,2.994114286,4.827790476,4.277438095,3.7722,3.631142857,3.224019048,3.131561905,2.460457143,38.43860952,9.947638095,7.00557619,10.3817619,0.282871429,0.035109524,79.83845238,4.775333333,0.463647619,2.460552381,0.014538095,0.072614286,2.531571429,46.52944286,6.741171429,81.51900476,3.477428571,4.212647619,0.502533333
Jun-11,3.028459091,4.910604545,4.359627273,3.764204545,3.6023,3.211395455,3.097959091,2.453477273,38.89899545,9.925936364,6.977618182,10.49744545,0.280245455,0.035363636,80.75488636,4.842581818,0.467745455,2.4539,0.014695455,0.073504545,2.467590909,47.06306364,6.752854545,82.45318636,3.527927273,4.220509091,0.508990909
May-11,3.015685,4.92274,4.32581,3.718395,3.45519,3.22025,3.11605,2.435575,38.78819,9.975655,6.98596,10.48778,0.27801,0.035235,80.41362,4.81812,0.464305,2.43578,0.014615,0.07397,2.40457,46.86459,6.710155,82.10566,3.53551,4.194305,0.50703
Apr-11,3.011233333,4.930666667,4.355390476,3.619904762,3.35762381,3.188180952,3.144904762,2.415495238,38.73414286,10.01708095,6.97327619,10.3839619,0.2777,0.034819048,80.29605714,4.808357143,0.461238095,2.411095238,0.014452381,0.074928571,2.376628571,46.79552381,6.791938095,81.98591905,3.557690476,4.240604762,0.505433333
Mar-11,3.035478261,4.907330435,4.251121739,3.713565217,3.30053913,3.068573913,3.110169565,2.393586957,38.95038261,9.997513043,6.978065217,10.28608261,0.271004348,0.034647826,80.9404,4.794704348,0.462295652,2.391508696,0.014543478,0.075104348,2.250721739,47.17225652,6.749034783,82.64550435,3.5556,4.217865217,0.512095652
Feb-11,3.04548125,4.91381875,4.15680625,3.68458125,3.2064,3.06865625,3.08410625,2.38508125,39.09883125,9.9293625,6.98276875,10.38726875,0.2720375,0.0342375,81.2062375,4.7558625,0.4630375,2.38583125,0.0149125,0.07499375,2.31459375,47.327725,6.71024375,82.91780625,3.5686,4.1980875,0.51701875
Jan-11,3.06072,4.82055,4.08601,3.705105,3.19783,3.048125,3.079675,2.377605,39.336825,10.01378,6.923015,10.51948,0.273455,0.03388,81.614735,4.72934,0.4638,2.377675,0.01571,0.075235,2.34416,47.564405,6.743035,83.33176,3.570815,4.213615,0.526455
